,,cultivar id,sequences,height,subpopulation
0,0,W140,GCCTTTCTT,145.8,Aus
1,0,W203,GCCTTTTTT,185.6,Indica Intermediate
1,1,W111,GCCTTTTTT,203.6,Indica III
1,2,W054,GCCTTTTTT,190.2,Indica Intermediate
1,3,W009,GCCTTTTTT,193.8,Indica III
1,4,C194,GCCTTTTTT,173.4,Indica Intermediate
1,5,C109,GCCTTTTTT,162.1,Indica I
1,6,C108,GCCTTTTTT,156.8,Indica I
1,7,C104,GCCTTTTTT,179.14,Indica I
1,8,C097,GCCTTTTTT,172.2,Indica Intermediate
1,9,C080,GCCTTTTTT,170.53,Indica I
1,10,C047,GCCTTTTTT,97.53,Indica I
2,0,W297,GCCTTTCTC,161.2,Aus
2,1,W296,GCCTTTCTC,138.8,Aus
2,2,W280,GCCTTTCTC,145.8,Aus
2,3,W215,GCCTTTCTC,154.4,Aus
2,4,W141,GCCTTTCTC,151.6,Aus
2,5,W121,GCCTTTCTC,177.6,Aus
2,6,W103,GCCTTTCTC,111.4,Aus
2,7,W072,GCCTTTCTC,154,Aus
2,8,W042,GCCTTTCTC,185.4,Indica Intermediate
2,9,W034,GCCTTTCTC,165.8,Aus
2,10,W025,GCCTTTCTC,154.2,Aus
2,11,W015,GCCTTTCTC,157.8,Aus
2,12,C013,GCCTTTCTC,150.43,Aus
3,0,W330,GCCTTTCCC,149.6,Aus
3,1,W277,GCCTTTCCC,142,Aus
3,2,W220,GCCTTTCCC,172,VI/Aromatic
3,3,W136,GCCTTTCCC,188.6,VI/Aromatic
3,4,W077,GCCTTTCCC,182.4,VI/Aromatic
3,5,C015,GCCTTTCCC,152.2,Aus
3,6,C002,GCCTTTCCC,177.62,VI/Aromatic
4,0,W320,GCCTTTTTC,177.2,Indica Intermediate
4,1,W272,GCCTTTTTC,155.6,Indica Intermediate
4,2,W126,GCCTTTTTC,157.6,Indica I
4,3,W039,GCCTTTTTC,152,Indica I
4,4,W032,GCCTTTTTC,159.6,Indica I
4,5,W031,GCCTTTTTC,159.6,Indica I
4,6,C201,GCCTTTTTC,194.93,Indica Intermediate
4,7,C200,GCCTTTTTC,189.1,Indica I
4,8,C199,GCCTTTTTC,187.53,Indica I
4,9,C198,GCCTTTTTC,173.77,Indica Intermediate
4,10,C190,GCCTTTTTC,160.9,Indica I
4,11,C141,GCCTTTTTC,190.93,Indica I
4,12,C136,GCCTTTTTC,182.14,Indica I
4,13,C135,GCCTTTTTC,136.39,Indica I
4,14,C129,GCCTTTTTC,166.87,Indica Intermediate
4,15,C100,GCCTTTTTC,166.45,Indica Intermediate
4,16,C096,GCCTTTTTC,166.4,Indica Intermediate
4,17,C088,GCCTTTTTC,135.4,Indica I
4,18,C073,GCCTTTTTC,167.83,Indica I
4,19,C202,GCCTTTTCC,176.33,Indica I
5,0,W235,GTCTTTTTC,148.4,Indica I
6,0,W205,GCCTTATTT,161.8,Indica I
6,1,W204,GCCTTATTT,154.2,Indica I
6,2,W080,GCCTTATTT,141.4,Indica I
6,3,C197,GCCTTATTT,175.77,Indica I
6,4,C132,GCCTTATTT,169.67,Indica Intermediate
6,5,C090,GCCTTATTT,177.29,Indica Intermediate
6,6,C055,GCCTTATTT,119.03,Indica I
7,0,W212,GCCTTATTC,159.6,Indica Intermediate
7,1,W198,GCCTTATTC,180,Indica Intermediate
7,2,W144,GCCTTATTC,168.4,Indica I
7,3,W074,GCCTTATTC,162.2,Indica Intermediate
7,4,C182,GCCTTATTC,161.2,Indica I
7,5,C140,GCCTTATTC,164.4,Indica I
7,6,C110,GCCTTATTC,159.33,Indica I
8,0,W001,GCCTTATCC,146.4,Indica I
8,1,C184,GCCTTATCC,156.17,Indica I
8,2,C081,GCCTTATCC,155.8,Indica I
8,3,C077,GCCTTATCC,149.8,Indica I
8,4,C076,GCCTTATCC,127.36,Indica I
9,0,W247,GCCTTATCT,170.2,Indica I
9,1,W210,GCCTTATCT,166.4,Indica I
10,0,W137,GCCTTACTC,125.6,Indica Intermediate
10,1,W129,GCCTTACTC,151.2,VI/Aromatic
10,2,W105,GCCTTACTC,156.6,Aus
10,3,W075,GCCTTACTC,186.2,Indica Intermediate
10,4,W035,GCCTTACTC,196.2,Indica Intermediate
10,5,C098,GCCTTACTC,178.27,Indica Intermediate
10,6,C086,GCCTTACTC,147.17,Aus
10,7,W145,GCCTTACTT,177.4,Indica Intermediate
11,0,W047,GCCTTACCT,203.2,Japonica Intermediate
11,1,W258,GCCTTACCC,158.4,VI/Aromatic
12,0,W310,GCCGTATTT,111.2,Indica Intermediate
12,1,W221,GCCGTATTT,112.4,Indica Intermediate
12,2,W178,GCCGTATTT,97.8,Indica III
12,3,W146,GCCGTATTT,127.4,Indica I
12,4,W071,GCCGTATTT,104.6,Indica Intermediate
12,5,C102,GCCGTATTT,150.67,Indica Intermediate
13,0,W314,GCCGTATTC,111.2,Indica II
13,1,W282,GCCGTATTC,134.8,Indica Intermediate
13,2,W114,GCCGTATTC,181.4,Indica III
13,3,C143,GCCGTATTC,170.36,Indica I
13,4,C125,GCCGTATTC,145.65,Indica I
14,0,W134,GCCGTACTC,150,Aus
14,1,W049,GCCGTACTC,163.8,Aus
14,2,W030,GCCGTACTT,172.6,Indica Intermediate
15,0,W124,GCCGTTTTC,134,Indica I
15,1,W036,GCCGTTTTC,157.8,Indica I
15,2,W026,GCCGTTTTC,160.6,Indica I
15,3,C095,GCCGTTTTC,163.37,Indica I
16,0,W241,GCCGTTTTT,119.2,Indica II
16,1,W093,GCCGTTTTT,133,Indica III
16,2,W089,GCCGTTTTT,136.4,Indica III
16,3,W066,GCCGTTTTT,102.2,Indica Intermediate
16,4,W023,GCCGTTTTT,165.8,Indica III
17,0,W020,GCCGTTTCC,136.6,Aus
17,1,W079,GCCGTTTCT,147.6,Intermediate
18,0,W106,GCCGTTCTT,169.4,Aus
18,1,W014,GCCGTTCCT,158,VI/Aromatic
19,0,W292,GCCGTTCTC,164.2,Aus
19,1,W287,GCCGTTCTC,150.2,Aus
19,2,W286,GCCGTTCTC,154.8,Aus
19,3,W214,GCCGTTCTC,153.8,Aus
19,4,W142,GCCGTTCTC,149.4,Aus
19,5,W131,GCCGTTCTC,161,Aus
19,6,W115,GCCGTTCTC,153.4,Aus
19,7,W108,GCCGTTCTC,161.2,Aus
19,8,W104,GCCGTTCTC,145.4,Aus
19,9,W100,GCCGTTCTC,177.2,Aus
19,10,W099,GCCGTTCTC,149,Aus
19,11,W098,GCCGTTCTC,158.8,Aus
19,12,W096,GCCGTTCTC,165.2,Aus
19,13,W094,GCCGTTCTC,141.8,Aus
19,14,W092,GCCGTTCTC,144.8,Aus
19,15,W090,GCCGTTCTC,137.4,Aus
19,16,W076,GCCGTTCTC,155,Aus
19,17,W069,GCCGTTCTC,146.4,Aus
19,18,W037,GCCGTTCTC,173.8,Indica Intermediate
19,19,W028,GTCGTTCTC,164.2,Aus
20,0,W256,GCCGTACCC,160,VI/Aromatic
20,1,W081,GCCGTACCC,130.2,VI/Aromatic
21,0,W279,GCCGTTCCC,166.6,Aus
21,1,W278,GCCGTTCCC,146.6,Aus
21,2,W255,GCCGTTCCC,145.8,VI/Aromatic
21,3,W252,GCCGTTCCC,178,VI/Aromatic
21,4,W219,GCCGTTCCC,161,VI/Aromatic
21,5,W095,GCCGTTCCC,165.8,Aus
21,6,W091,GCCGTTCCC,148.2,Aus
21,7,W048,GCCGTTCCC,190.2,Aus
22,0,W306,GCTGTTCCC,129.6,VI/Aromatic
23,0,W050,GCTGTACCC,174.8,VI/Aromatic
23,1,C085,GCTGTACCC,147.1,Japonica Intermediate
23,2,C084,GCTGTACCC,157.62,Japonica Intermediate
24,0,W226,ACTGTATTT,93.2,Temperate Japonica
24,1,W120,ACTGTATTT,109.6,Temperate Japonica
24,2,W087,ACTGTATTT,77.2,Indica I
24,3,C119,ACTGTATTT,86.17,Temperate Japonica
24,4,C051,ACTGTATTT,99.9,Intermediate
24,5,C014,ACTGTATTT,82.43,Japonica Intermediate
24,6,W119,ACTGAATTT,95.4,Tropical Japonica
25,0,W125,ACTGTTCTT,152,Intermediate
25,1,W155,ACTGTTTTT,98.4,Indica Intermediate
26,0,W326,GCTGTACTC,155.4,Japonica Intermediate
26,1,W324,GCTGTACTC,156,Japonica Intermediate
26,2,W127,GCTGTACTC,142.6,Japonica Intermediate
26,3,W122,GCTGTACTC,169.8,Japonica Intermediate
26,4,W097,GCTGTACTC,137,Intermediate
26,5,W082,GCTGTACTC,125,Temperate Japonica
26,6,C186,GCTGTACTC,180,Japonica Intermediate
26,7,C179,GCTGTACTC,133.53,Temperate Japonica
26,8,C171,GCTGTACTC,140.61,Temperate Japonica
26,9,C138,GCTGTACTC,190.9,Temperate Japonica
26,10,C082,GCTGTACTC,156.46,Temperate Japonica
26,11,C075,GCTGTACTC,131.3,Temperate Japonica
26,12,C074,GCTGTACTC,143.65,Temperate Japonica
26,13,C071,GCTGTACTC,128.2,Temperate Japonica
26,14,C067,GCTGTACTC,117.93,Temperate Japonica
27,0,W327,ACTGTACTC,89.8,Temperate Japonica
27,1,W323,ACTGTACTC,136.4,Japonica Intermediate
27,2,W021,ACTGTACTC,142.4,Japonica Intermediate
27,3,C185,ACTGTACTC,145,Japonica Intermediate
27,4,C052,ACTGTACTC,107,Temperate Japonica
28,0,W302,GCTGTACTT,166.8,Tropical Japonica
28,1,W281,GCTGTACTT,150,Temperate Japonica
28,2,W173,GCTGTACTT,121.6,Tropical Japonica
28,3,W171,GCTGTACTT,96.8,Indica Intermediate
28,4,W139,GCTGTACTT,96.4,Temperate Japonica
28,5,W070,GCTGTACTT,160.4,Indica Intermediate
28,6,W064,GCTGTACTT,106.2,Temperate Japonica
28,7,W062,GCTGTACTT,153.4,Tropical Japonica
28,8,W059,GCTGTACTT,115.8,Temperate Japonica
28,9,W045,GCTGTACTT,98,Temperate Japonica
28,10,W038,GCTGTACTT,138,Temperate Japonica
28,11,W019,GCTGTACTT,124.8,Japonica Intermediate
28,12,W018,GCTGTACTT,93.4,Temperate Japonica
28,13,C195,GCTGTACTT,171.79,Temperate Japonica
28,14,C188,GCTGTACTT,137.8,Temperate Japonica
28,15,C187,GCTGTACTT,144.47,Temperate Japonica
28,16,C181,GCTGTACTT,137.9,Temperate Japonica
28,17,C118,GCTGTACTT,88.27,Indica II
28,18,C089,GCTGTACTT,142.43,Temperate Japonica
28,19,C054,GCTGTACTT,97.9,Temperate Japonica
28,20,C034,GCTGTACTT,110.5,Temperate Japonica
28,21,C023,GCTGTACTT,89.39,Temperate Japonica
28,22,C010,GCTGTACTT,106.7,Tropical Japonica
28,23,C003,GCTGTACTT,141.57,Japonica Intermediate
29,0,W328,ACTGTACTT,117.4,Intermediate
29,1,W305,ACTGTACTT,74,Temperate Japonica
29,2,W283,ACTGTACTT,68.4,Temperate Japonica
29,3,W209,ACTGTACTT,142.4,Temperate Japonica
29,4,W207,ACTGTACTT,114.6,Temperate Japonica
29,5,W162,ACTGTACTT,98.4,Temperate Japonica
29,6,W160,ACTGTACTT,96,Temperate Japonica
29,7,W158,ACTGTACTT,107.2,Intermediate
29,8,W130,ACTGTACTT,92.6,Temperate Japonica
29,9,W117,ACTGTACTT,98.6,Temperate Japonica
29,10,W109,ACTGTACTT,99.4,Temperate Japonica
29,11,W088,ACTGTACTT,70.6,Temperate Japonica
29,12,W063,ACTGTACTT,114.2,Japonica Intermediate
29,13,W061,ACTGTACTT,121.8,Japonica Intermediate
29,14,W052,ACTGTACTT,98.6,Temperate Japonica
29,15,W027,ACTGTACTT,116.8,Temperate Japonica
29,16,W016,ACTGTACTT,78.8,Temperate Japonica
29,17,W013,ACTGTACTT,98.6,Temperate Japonica
29,18,W012,ACTGTACTT,100.8,Temperate Japonica
29,19,W010,ACTGTACTT,135,Japonica Intermediate
29,20,C177,ACTGTACTT,112.87,Temperate Japonica
29,21,C154,ACTGTACTT,77.43,Temperate Japonica
29,22,C152,ACTGTACTT,100,Temperate Japonica
29,23,C150,ACTGTACTT,90.32,Temperate Japonica
29,24,C146,ACTGTACTT,74.7,Temperate Japonica
29,25,C116,ACTGTACTT,87.03,Temperate Japonica
29,26,C064,ACTGTACTT,103.3,Temperate Japonica
29,27,C057,ACTGTACTT,123.63,Japonica Intermediate
29,28,C048,ACTGTACTT,97.33,Temperate Japonica
29,29,C035,ACTGTACTT,102.58,Temperate Japonica
29,30,C032,ACTGTACTT,107.8,Temperate Japonica
29,31,C029,ACTGTACTT,94,Japonica Intermediate
29,32,C028,ACTGTACTT,86.97,Temperate Japonica
29,33,C026,ACTGTACTT,104.7,Temperate Japonica
29,34,C018,ACTGTACTT,78.27,Temperate Japonica
29,35,C017,ACTGTACTT,92.67,Temperate Japonica
30,0,W003,ACTGAACTC,140.4,Tropical Japonica
31,0,W250,ACTGAACTT,123.2,Temperate Japonica
31,1,W249,ACTGAACTT,125.8,Temperate Japonica
31,2,W193,ACTGAACTT,121.4,Temperate Japonica
31,3,W060,ACTGAACTT,119.4,Temperate Japonica
31,4,C012,ACTGAACTT,114.1,Temperate Japonica
32,0,W325,GCTGAACTC,135.8,Temperate Japonica
32,1,W102,GCTGAACTC,182.6,Tropical Japonica
32,2,C196,GCTGAACTC,193,Temperate Japonica
32,3,C133,GCTGAACTC,170.8,Temperate Japonica
32,4,C130,GCTGAACTC,155.4,Temperate Japonica
32,5,C103,GCTGAACTC,202.07,Temperate Japonica
32,6,C093,GCTGAACTC,164.73,Temperate Japonica
32,7,C079,GCTGAACTC,143.32,Temperate Japonica
32,8,C004,GCTGAACTC,140.4,Temperate Japonica
33,0,W056,GCTGAACTT,129,Temperate Japonica
33,1,W055,GCTGAACTT,171.4,Intermediate
33,2,W041,GCTGAACTT,169.4,Tropical Japonica
33,3,W011,GCTGAACTT,116.8,Temperate Japonica
33,4,C189,GCTGAACTT,162.36,Temperate Japonica
33,5,C123,GCTGAACTT,118.83,Tropical Japonica
33,6,C070,GCTGAACTT,97.8,Temperate Japonica
34,0,W192,GCTGTTTTC,121.2,Intermediate
34,1,W191,GCTGTTTTC,121,Intermediate
34,2,W107,GCTGTTTTC,163.2,Indica Intermediate
34,3,W033,GCTGTTTTC,155,Indica I
34,4,C099,GCTGTTTTC,176.8,Indica Intermediate
34,5,C066,GCTGTTTTC,120.27,Indica I
35,0,W321,GCTGTTTTT,160.6,Indica III
35,1,W304,GCTGTTTTT,95.8,Intermediate
35,2,W299,GCTGTTTTT,90.8,Indica Intermediate
35,3,W194,GCTGTTTTT,108.8,Indica II
35,4,W172,GCTGTTTTT,100.2,Indica II
35,5,W154,GCTGTTTTT,102.4,Indica II
35,6,W147,GCTGTTTTT,117.6,Indica Intermediate
36,0,W288,GCTGAATTC,144.2,Tropical Japonica
36,1,W273,GCTGAATTC,156.2,Tropical Japonica
36,2,W007,GCTGAATTC,150.8,Tropical Japonica
37,0,W329,GCTGTATTC,147.4,Tropical Japonica
37,1,W260,GCTGTATTC,134,Tropical Japonica
37,2,W239,GCTGTATTC,109.8,Indica Intermediate
37,3,W188,GCTGTATTC,102,Indica II
37,4,W085,GCTGTATTC,118.6,Indica Intermediate
37,5,C045,GCTGTATTC,106.23,Indica Intermediate
37,6,C027,GCTGTATTC,100.47,Indica Intermediate
37,7,C008,GCTGTATTC,87.47,Indica Intermediate
38,0,C094,GTTGTATTC,154.87,Indica Intermediate
39,0,C139,GCTTTTCTC,185.33,Indica I
39,1,W112,GCTTTTCTT,167.2,Indica III
40,0,W313,GCTTTACTT,110.4,Indica II
40,1,W240,GCTTTACTT,111.6,Indica Intermediate
40,2,W175,GCTTTACTT,101,Intermediate
40,3,W068,GCTTTACTT,139.8,Temperate Japonica
40,4,C203,GCTTTACTT,77.33,Indica I
40,5,C124,GCTTTACTT,110.27,Indica Intermediate
40,6,W135,GCTTTACTC,172.8,Indica Intermediate
41,0,W084,GCTTTTTTC,114.4,Indica Intermediate
41,1,C173,GCTTTTTTC,114.4,Indica I
41,2,C078,GCTTTTTTC,172.4,Indica Intermediate
42,0,W270,GCTTTATTC,99,Indica Intermediate
42,1,W269,GCTTTATTC,96,Indica Intermediate
42,2,W266,GCTTTATTC,132.6,Indica III
42,3,W246,GCTTTATTC,151,Indica Intermediate
42,4,W206,GCTTTATTC,112,Indica Intermediate
42,5,W199,GCTTTATTC,125.2,Indica Intermediate
42,6,W133,GCTTTATTC,157.8,Indica Intermediate
42,7,W101,GCTTTATTC,149.8,Indica Intermediate
42,8,W073,GCTTTATTC,98.8,Indica II
42,9,C191,GCTTTATTC,171.27,Indica I
42,10,C176,GCTTTATTC,97.67,Indica Intermediate
42,11,C131,GCTTTATTC,165.07,Indica I
42,12,C127,GCTTTATTC,152.54,Indica I
42,13,C092,GCTTTATTC,168.47,Indica I
42,14,C091,GCTTTATTC,170.07,Indica I
42,15,C041,GCTTTATTC,113.1,Indica I
43,0,W261,GCTTTTCCC,132.4,Intermediate
43,1,C001,GCTTTTCCC,144.13,Indica I
44,0,W132,GCTTTTTCC,156,Indica I
44,1,C193,GCTTTTTCC,158.4,Indica I
44,2,C183,GCTTTTTCC,160.57,Indica I
44,3,C180,GCTTTTTCC,147.15,Indica I
44,4,C128,GCTTTTTCC,158.23,Indica I
45,0,W029,GCTTTATCC,147.8,Indica Intermediate
45,1,C060,GCTTTATCC,114.73,Indica I
46,0,W285,GCTTAATTT,134.6,Tropical Japonica
47,0,W284,GCTTAATTC,135.4,Tropical Japonica
47,1,W110,GCTTAATTC,154.4,Tropical Japonica
47,2,W004,GCTTAATTC,158.2,Tropical Japonica
47,3,W002,GCTTAATTC,157.4,Tropical Japonica
47,4,C005,GCTTAATTC,163.33,Tropical Japonica
48,0,W116,GCTTAACTT,175.4,Tropical Japonica
48,1,C087,GCTTAACTT,141.27,Temperate Japonica
49,0,W298,GCTTTTTTT,95.2,Indica II
49,1,W291,GCTTTTTTT,96.6,Indica II
49,2,W274,GCTTTTTTT,70.8,Indica I
49,3,W181,GCTTTTTTT,105.8,Indica Intermediate
49,4,W148,GCTTTTTTT,168.4,Indica Intermediate
49,5,C192,GCTTTTTTT,185.07,Indica Intermediate
49,6,C175,GCTTTTTTT,111.2,Indica Intermediate
49,7,C162,GCTTTTTTT,97.77,Indica Intermediate
49,8,C142,GCTTTTTTT,198.57,Indica III
49,9,C107,GCTTTTTTT,193.67,Indica III
49,10,C072,GCTTTTTTT,158.07,Indica I
50,0,C121,GCTTTTTCT,150.67,Indica Intermediate
50,1,C036,GCTTTTTCT,95.07,Indica Intermediate
51,0,W317,GCTTTATTT,110.4,Indica II
51,1,W315,GCTTTATTT,102,Indica II
51,2,W312,GCTTTATTT,111.6,Indica II
51,3,W309,GCTTTATTT,112.2,Indica II
51,4,W308,GCTTTATTT,109.4,Indica II
51,5,W307,GCTTTATTT,101,Indica II
51,6,W300,GCTTTATTT,107.2,Tropical Japonica
51,7,W295,GCTTTATTT,99.6,Indica II
51,8,W294,GCTTTATTT,118.8,Intermediate
51,9,W293,GCTTTATTT,83.4,Indica II
51,10,W276,GCTTTATTT,160.2,Indica III
51,11,W271,GCTTTATTT,95.8,Indica Intermediate
51,12,W268,GCTTTATTT,91.4,Indica Intermediate
51,13,W265,GCTTTATTT,120.4,Indica Intermediate
51,14,W264,GCTTTATTT,91.4,Indica Intermediate
51,15,W263,GCTTTATTT,114.8,Indica Intermediate
51,16,W259,GCTTTATTT,106,Indica II
51,17,W248,GCTTTATTT,145.4,Indica I
51,18,W245,GCTTTATTT,121.6,Indica Intermediate
51,19,W244,GCTTTATTT,102.4,Indica II
51,20,W236,GCTTTATTT,101.8,Indica II
51,21,W233,GCTTTATTT,114.2,Indica Intermediate
51,22,W230,GCTTTATTT,-9,Indica II
51,23,W229,GCTTTATTT,119.4,Indica II
51,24,W228,GCTTTATTT,115,Indica II
51,25,W224,GCTTTATTT,116,Indica II
51,26,W222,GCTTTATTT,115.6,Indica II
51,27,W200,GCTTTATTT,115.4,Indica Intermediate
51,28,W189,GCTTTATTT,114.2,Indica II
51,29,W185,GCTTTATTT,95.6,Indica II
51,30,W183,GCTTTATTT,96.6,Indica II
51,31,W180,GCTTTATTT,108,Indica Intermediate
51,32,W179,GCTTTATTT,93.8,Indica II
51,33,W174,GCTTTATTT,84,Indica II
51,34,W170,GCTTTATTT,90.6,Indica II
51,35,W169,GCTTTATTT,93.6,Indica II
51,36,W164,GCTTTATTT,88.6,Indica Intermediate
51,37,W163,GCTTTATTT,91.4,Indica Intermediate
51,38,W156,GCTTTATTT,99.2,Indica I
51,39,W152,GCTTTATTT,110,Indica II
51,40,W151,GCTTTATTT,98,Indica II
51,41,W150,GCTTTATTT,104.6,Indica II
51,42,W149,GCTTTATTT,112.6,Indica Intermediate
51,43,W138,GCTTTATTT,102,Indica I
51,44,W058,GCTTTATTT,150.6,Indica I
51,45,W046,GCTTTATTT,96,Indica II
51,46,W043,GCTTTATTT,105.4,Indica Intermediate
51,47,W040,GCTTTATTT,108.4,Indica II
51,48,C170,GCTTTATTT,94.87,Indica I
51,49,C169,GCTTTATTT,118.07,Indica Intermediate
51,50,C167,GCTTTATTT,108.23,Indica Intermediate
51,51,C165,GCTTTATTT,96.03,Indica I
51,52,C160,GCTTTATTT,83.68,Indica Intermediate
51,53,C151,GCTTTATTT,107.73,Indica I
51,54,C117,GCTTTATTT,110.43,Indica Intermediate
51,55,C113,GCTTTATTT,73.77,Indica Intermediate
51,56,C112,GCTTTATTT,77.43,Indica I
51,57,C105,GCTTTATTT,170.17,Indica Intermediate
51,58,C046,GCTTTATTT,172.37,Indica Intermediate
51,59,C044,GCTTTATTT,104.33,Indica Intermediate
51,60,C038,GCTTTATTT,101.33,Indica Intermediate
51,61,C037,GCTTTATTT,105.33,Indica I
51,62,C031,GCTTTATTT,96.27,Indica Intermediate
51,63,C030,GCTTTATTT,99.57,Indica Intermediate
51,64,C019,GCTTTATTT,80.25,Indica I
51,65,C007,GCTTTATTT,107.97,Indica Intermediate
51,66,C006,GCTTTATTT,108.23,Indica Intermediate
52,0,W223,GCTTTATCT,103.6,Indica II
52,1,C161,GCTTTATCT,93.5,Indica I
52,2,C159,GCTTTATCT,95.8,Indica I
52,3,C158,GCTTTATCT,85.17,Indica I
52,4,C156,GCTTTATCT,73.13,Indica I
52,5,C155,GCTTTATCT,69.47,Indica I
52,6,C122,GCTTTATCT,118.1,Indica I
52,7,C059,GCTTTATCT,113.43,Indica I
52,8,C058,GCTTTATCT,103.7,Indica I
52,9,C039,GCTTTATCT,109.43,Indica I
52,10,C033,GCTTTATCT,132.04,Indica I
52,11,C021,GCTTTATCT,80.83,Indica I
52,12,C020,GCTTTATCT,78.17,Indica I
53,0,C145,ACTTTATCT,92.33,Indica I
53,1,C114,ACTTTATCT,86.87,Indica Intermediate
53,2,C024,ACTTTATCT,85.33,Indica I
54,0,W078,GCTGTATCT,96.8,Indica Intermediate
54,1,C157,GCTGTATCT,75.1,Indica I
54,2,C040,GCTGTATCT,102.46,Indica I
55,0,W322,GCTGTATTT,109,Indica Intermediate
55,1,W318,GCTGTATTT,139.3,Indica I
55,2,W316,GCTGTATTT,99,Indica II
55,3,W311,GCTGTATTT,100.6,Indica II
55,4,W301,GCTGTATTT,95.6,Indica II
55,5,W289,GCTGTATTT,104.4,Indica II
55,6,W267,GCTGTATTT,114.4,Indica Intermediate
55,7,W262,GCTGTATTT,83.8,Indica I
55,8,W243,GCTGTATTT,105.6,Indica II
55,9,W242,GCTGTATTT,106.2,Indica Intermediate
55,10,W238,GCTGTATTT,95.4,Indica II
55,11,W237,GCTGTATTT,115.8,Indica II
55,12,W234,GCTGTATTT,112.8,Indica Intermediate
55,13,W231,GCTGTATTT,117,Indica II
55,14,W227,GCTGTATTT,106.6,Indica Intermediate
55,15,W225,GCTGTATTT,90.2,Tropical Japonica
55,16,W218,GCTGTATTT,133.6,Indica Intermediate
55,17,W217,GCTGTATTT,133.8,Indica Intermediate
55,18,W216,GCTGTATTT,113.8,Indica II
55,19,W213,GCTGTATTT,137.4,Indica Intermediate
55,20,W211,GCTGTATTT,97,Indica II
55,21,W202,GCTGTATTT,112,Indica Intermediate
55,22,W201,GCTGTATTT,108.2,Indica Intermediate
55,23,W197,GCTGTATTT,112.8,Indica II
55,24,W195,GCTGTATTT,123.8,Indica II
55,25,W187,GCTGTATTT,105.2,Indica Intermediate
55,26,W186,GCTGTATTT,98.2,Indica Intermediate
55,27,W184,GCTGTATTT,98,Indica II
55,28,W182,GCTGTATTT,101.2,Indica II
55,29,W177,GCTGTATTT,100,Indica II
55,30,W176,GCTGTATTT,101.4,Indica II
55,31,W168,GCTGTATTT,101.4,Indica II
55,32,W167,GCTGTATTT,135.2,Indica Intermediate
55,33,W166,GCTGTATTT,137.8,Indica Intermediate
55,34,W165,GCTGTATTT,103.8,Indica Intermediate
55,35,W161,GCTGTATTT,102,Indica II
55,36,W159,GCTGTATTT,95.2,Indica II
55,37,W157,GCTGTATTT,95.2,Indica Intermediate
55,38,W153,GCTGTATTT,103.8,Indica II
55,39,W118,GCTGTATTT,84.2,Tropical Japonica
55,40,W086,GCTGTATTT,103.4,Indica II
55,41,W083,GCTGTATTT,116.4,Indica Intermediate
55,42,W051,GCTGTATTT,107.4,Indica II
55,43,W044,GCTGTATTT,98.8,Indica II
55,44,C178,GCTGTATTT,107.67,Indica I
55,45,C174,GCTGTATTT,111.43,Indica II
55,46,C168,GCTGTATTT,104.87,Indica Intermediate
55,47,C166,GCTGTATTT,94.73,Indica Intermediate
55,48,C164,GCTGTATTT,95.53,Indica II
55,49,C163,GCTGTATTT,104.17,Indica II
55,50,C148,GCTGTATTT,117.2,Indica II
55,51,C147,GCTGTATTT,108.1,Indica II
55,52,C115,GCTGTATTT,80.4,Indica II
55,53,C069,GCTGTATTT,115.8,Indica II
55,54,C068,GCTGTATTT,109.6,Indica II
55,55,C065,GCTGTATTT,109.07,Indica Intermediate
55,56,C062,GCTGTATTT,105.5,Indica I
55,57,C061,GCTGTATTT,109.37,Indica II
55,58,C053,GCTGTATTT,116.63,Indica Intermediate
55,59,C050,GCTGTATTT,108.81,Indica II
55,60,C049,GCTGTATTT,103.13,Indica Intermediate
55,61,C043,GCTGTATTT,106.33,Indica I
55,62,C042,GCTGTATTT,103.67,Indica Intermediate
55,63,C025,GCTGTATTT,82.83,Indica Intermediate
55,64,C022,GCTGTATTT,77.3,Indica I
55,65,C011,GCTGTATTT,100.43,Indica II
55,66,C009,GCTGTATTT,106.8,Indica Intermediate
56,0,C083,GCTGAATCT,174.7,Temperate Japonica
57,0,W303,GCTGAATTT,157.8,Tropical Japonica
57,1,W275,GCTGAATTT,148.2,Tropical Japonica
57,2,W257,GCTGAATTT,171.6,Tropical Japonica
57,3,W254,GCTGAATTT,143.4,Tropical Japonica
57,4,W253,GCTGAATTT,146.2,Tropical Japonica
57,5,W251,GCTGAATTT,129.8,Tropical Japonica
57,6,W208,GCTGAATTT,119.6,Temperate Japonica
57,7,W123,GCTGAATTT,140.8,Tropical Japonica
57,8,W113,GCTGAATTT,141,Tropical Japonica
57,9,W067,GCTGAATTT,152.6,Tropical Japonica
57,10,W065,GCTGAATTT,149.4,Tropical Japonica
57,11,W057,GCTGAATTT,182.2,Tropical Japonica
57,12,W053,GCTGAATTT,152.6,Tropical Japonica
57,13,W024,GCTGAATTT,139.8,Tropical Japonica
57,14,W022,GCTGAATTT,146,Tropical Japonica
57,15,W017,GCTGAATTT,126.2,Tropical Japonica
57,16,W008,GCTGAATTT,147,Tropical Japonica
57,17,W006,GCTGAATTT,149.8,Tropical Japonica
57,18,W005,GCTGAATTT,133.8,Tropical Japonica
57,19,C153,GCTGAATTT,105.07,Tropical Japonica
58,0,W290,GCTGTACCT,116.4,Temperate Japonica
58,1,C056,GCTGTACCT,99.03,Temperate Japonica
58,2,C016,GCTGTACCT,77.73,Temperate Japonica
59,0,C063,ACTGAACCC,115.54,Temperate Japonica
60,0,C172,ACTGAACCT,102.37,Temperate Japonica
60,1,C149,ACTGAACCT,102.47,Temperate Japonica
60,2,C120,ACTGAACCT,97.63,Temperate Japonica
61,0,W319,GCTGAACCC,174.2,Temperate Japonica
61,1,C137,GCTGAACCC,170,Temperate Japonica
61,2,C111,GCTGAACCC,206.13,Temperate Japonica
61,3,C106,GCTGAACCC,191,Temperate Japonica
61,4,C101,GCTGAACCC,192.07,Temperate Japonica
62,0,W143,GCTTAACCC,196.8,Japonica Intermediate
62,1,C144,GCTTAACCC,206.73,Temperate Japonica
62,2,C134,GCTTAACCC,172.46,Temperate Japonica
63,0,W128,ACCGATCTT,149.8,Intermediate
