,0,1,2,3,4,5,6,7,8,subpopulation,height
0,0.75,0.5,0.5,2.5,2.5,2.5,0.5,2.5,2.5,Aus,145.8
1,0.75,0.5,0.5,2.5,2.5,2.5,2.5,2.5,2.5,Indica Intermediate,185.6
2,0.75,0.5,0.5,2.5,2.5,2.5,2.5,2.5,2.5,Indica III,203.6
3,0.75,0.5,0.5,2.5,2.5,2.5,2.5,2.5,2.5,Indica Intermediate,190.2
4,0.75,0.5,0.5,2.5,2.5,2.5,2.5,2.5,2.5,Indica III,193.8
5,0.75,0.5,0.5,2.5,2.5,2.5,2.5,2.5,2.5,Indica Intermediate,173.4
6,0.75,0.5,0.5,2.5,2.5,2.5,2.5,2.5,2.5,Indica I,162.1
7,0.75,0.5,0.5,2.5,2.5,2.5,2.5,2.5,2.5,Indica I,156.8
8,0.75,0.5,0.5,2.5,2.5,2.5,2.5,2.5,2.5,Indica I,179.14
9,0.75,0.5,0.5,2.5,2.5,2.5,2.5,2.5,2.5,Indica Intermediate,172.2
10,0.75,0.5,0.5,2.5,2.5,2.5,2.5,2.5,2.5,Indica I,170.53
11,0.75,0.5,0.5,2.5,2.5,2.5,2.5,2.5,2.5,Indica I,97.53
12,0.75,0.5,0.5,2.5,2.5,2.5,0.5,2.5,0.5,Aus,161.2
13,0.75,0.5,0.5,2.5,2.5,2.5,0.5,2.5,0.5,Aus,138.8
14,0.75,0.5,0.5,2.5,2.5,2.5,0.5,2.5,0.5,Aus,145.8
15,0.75,0.5,0.5,2.5,2.5,2.5,0.5,2.5,0.5,Aus,154.4
16,0.75,0.5,0.5,2.5,2.5,2.5,0.5,2.5,0.5,Aus,151.6
17,0.75,0.5,0.5,2.5,2.5,2.5,0.5,2.5,0.5,Aus,177.6
18,0.75,0.5,0.5,2.5,2.5,2.5,0.5,2.5,0.5,Aus,111.4
19,0.75,0.5,0.5,2.5,2.5,2.5,0.5,2.5,0.5,Aus,154.0
20,0.75,0.5,0.5,2.5,2.5,2.5,0.5,2.5,0.5,Indica Intermediate,185.4
21,0.75,0.5,0.5,2.5,2.5,2.5,0.5,2.5,0.5,Aus,165.8
22,0.75,0.5,0.5,2.5,2.5,2.5,0.5,2.5,0.5,Aus,154.2
23,0.75,0.5,0.5,2.5,2.5,2.5,0.5,2.5,0.5,Aus,157.8
24,0.75,0.5,0.5,2.5,2.5,2.5,0.5,2.5,0.5,Aus,150.43
25,0.75,0.5,0.5,2.5,2.5,2.5,0.5,0.5,0.5,Aus,149.6
26,0.75,0.5,0.5,2.5,2.5,2.5,0.5,0.5,0.5,Aus,142.0
27,0.75,0.5,0.5,2.5,2.5,2.5,0.5,0.5,0.5,VI/Aromatic,172.0
28,0.75,0.5,0.5,2.5,2.5,2.5,0.5,0.5,0.5,VI/Aromatic,188.6
29,0.75,0.5,0.5,2.5,2.5,2.5,0.5,0.5,0.5,VI/Aromatic,182.4
30,0.75,0.5,0.5,2.5,2.5,2.5,0.5,0.5,0.5,Aus,152.2
31,0.75,0.5,0.5,2.5,2.5,2.5,0.5,0.5,0.5,VI/Aromatic,177.62
32,0.75,0.5,0.5,2.5,2.5,2.5,2.5,2.5,0.5,Indica Intermediate,177.2
33,0.75,0.5,0.5,2.5,2.5,2.5,2.5,2.5,0.5,Indica Intermediate,155.6
34,0.75,0.5,0.5,2.5,2.5,2.5,2.5,2.5,0.5,Indica I,157.6
35,0.75,0.5,0.5,2.5,2.5,2.5,2.5,2.5,0.5,Indica I,152.0
36,0.75,0.5,0.5,2.5,2.5,2.5,2.5,2.5,0.5,Indica I,159.6
37,0.75,0.5,0.5,2.5,2.5,2.5,2.5,2.5,0.5,Indica I,159.6
38,0.75,0.5,0.5,2.5,2.5,2.5,2.5,2.5,0.5,Indica Intermediate,194.93
39,0.75,0.5,0.5,2.5,2.5,2.5,2.5,2.5,0.5,Indica I,189.1
40,0.75,0.5,0.5,2.5,2.5,2.5,2.5,2.5,0.5,Indica I,187.53
41,0.75,0.5,0.5,2.5,2.5,2.5,2.5,2.5,0.5,Indica Intermediate,173.77
42,0.75,0.5,0.5,2.5,2.5,2.5,2.5,2.5,0.5,Indica I,160.9
43,0.75,0.5,0.5,2.5,2.5,2.5,2.5,2.5,0.5,Indica I,190.93
44,0.75,0.5,0.5,2.5,2.5,2.5,2.5,2.5,0.5,Indica I,182.14
45,0.75,0.5,0.5,2.5,2.5,2.5,2.5,2.5,0.5,Indica I,136.39
46,0.75,0.5,0.5,2.5,2.5,2.5,2.5,2.5,0.5,Indica Intermediate,166.87
47,0.75,0.5,0.5,2.5,2.5,2.5,2.5,2.5,0.5,Indica Intermediate,166.45
48,0.75,0.5,0.5,2.5,2.5,2.5,2.5,2.5,0.5,Indica Intermediate,166.4
49,0.75,0.5,0.5,2.5,2.5,2.5,2.5,2.5,0.5,Indica I,135.4
50,0.75,0.5,0.5,2.5,2.5,2.5,2.5,2.5,0.5,Indica I,167.83
51,0.75,0.5,0.5,2.5,2.5,2.5,2.5,0.5,0.5,Indica I,176.33
52,0.75,2.5,0.5,2.5,2.5,2.5,2.5,2.5,0.5,Indica I,148.4
53,0.75,0.5,0.5,2.5,2.5,1.5,2.5,2.5,2.5,Indica I,161.8
54,0.75,0.5,0.5,2.5,2.5,1.5,2.5,2.5,2.5,Indica I,154.2
55,0.75,0.5,0.5,2.5,2.5,1.5,2.5,2.5,2.5,Indica I,141.4
56,0.75,0.5,0.5,2.5,2.5,1.5,2.5,2.5,2.5,Indica I,175.77
57,0.75,0.5,0.5,2.5,2.5,1.5,2.5,2.5,2.5,Indica Intermediate,169.67
58,0.75,0.5,0.5,2.5,2.5,1.5,2.5,2.5,2.5,Indica Intermediate,177.29
59,0.75,0.5,0.5,2.5,2.5,1.5,2.5,2.5,2.5,Indica I,119.03
60,0.75,0.5,0.5,2.5,2.5,1.5,2.5,2.5,0.5,Indica Intermediate,159.6
61,0.75,0.5,0.5,2.5,2.5,1.5,2.5,2.5,0.5,Indica Intermediate,180.0
62,0.75,0.5,0.5,2.5,2.5,1.5,2.5,2.5,0.5,Indica I,168.4
63,0.75,0.5,0.5,2.5,2.5,1.5,2.5,2.5,0.5,Indica Intermediate,162.2
64,0.75,0.5,0.5,2.5,2.5,1.5,2.5,2.5,0.5,Indica I,161.2
65,0.75,0.5,0.5,2.5,2.5,1.5,2.5,2.5,0.5,Indica I,164.4
66,0.75,0.5,0.5,2.5,2.5,1.5,2.5,2.5,0.5,Indica I,159.33
67,0.75,0.5,0.5,2.5,2.5,1.5,2.5,0.5,0.5,Indica I,146.4
68,0.75,0.5,0.5,2.5,2.5,1.5,2.5,0.5,0.5,Indica I,156.17
69,0.75,0.5,0.5,2.5,2.5,1.5,2.5,0.5,0.5,Indica I,155.8
70,0.75,0.5,0.5,2.5,2.5,1.5,2.5,0.5,0.5,Indica I,149.8
71,0.75,0.5,0.5,2.5,2.5,1.5,2.5,0.5,0.5,Indica I,127.36
72,0.75,0.5,0.5,2.5,2.5,1.5,2.5,0.5,2.5,Indica I,170.2
73,0.75,0.5,0.5,2.5,2.5,1.5,2.5,0.5,2.5,Indica I,166.4
74,0.75,0.5,0.5,2.5,2.5,1.5,0.5,2.5,0.5,Indica Intermediate,125.6
75,0.75,0.5,0.5,2.5,2.5,1.5,0.5,2.5,0.5,VI/Aromatic,151.2
76,0.75,0.5,0.5,2.5,2.5,1.5,0.5,2.5,0.5,Aus,156.6
77,0.75,0.5,0.5,2.5,2.5,1.5,0.5,2.5,0.5,Indica Intermediate,186.2
78,0.75,0.5,0.5,2.5,2.5,1.5,0.5,2.5,0.5,Indica Intermediate,196.2
79,0.75,0.5,0.5,2.5,2.5,1.5,0.5,2.5,0.5,Indica Intermediate,178.27
80,0.75,0.5,0.5,2.5,2.5,1.5,0.5,2.5,0.5,Aus,147.17
81,0.75,0.5,0.5,2.5,2.5,1.5,0.5,2.5,2.5,Indica Intermediate,177.4
82,0.75,0.5,0.5,2.5,2.5,1.5,0.5,0.5,2.5,Japonica Intermediate,203.2
83,0.75,0.5,0.5,2.5,2.5,1.5,0.5,0.5,0.5,VI/Aromatic,158.4
84,0.75,0.5,0.5,0.75,2.5,1.5,2.5,2.5,2.5,Indica Intermediate,111.2
85,0.75,0.5,0.5,0.75,2.5,1.5,2.5,2.5,2.5,Indica Intermediate,112.4
86,0.75,0.5,0.5,0.75,2.5,1.5,2.5,2.5,2.5,Indica III,97.8
87,0.75,0.5,0.5,0.75,2.5,1.5,2.5,2.5,2.5,Indica I,127.4
88,0.75,0.5,0.5,0.75,2.5,1.5,2.5,2.5,2.5,Indica Intermediate,104.6
89,0.75,0.5,0.5,0.75,2.5,1.5,2.5,2.5,2.5,Indica Intermediate,150.67
90,0.75,0.5,0.5,0.75,2.5,1.5,2.5,2.5,0.5,Indica II,111.2
91,0.75,0.5,0.5,0.75,2.5,1.5,2.5,2.5,0.5,Indica Intermediate,134.8
92,0.75,0.5,0.5,0.75,2.5,1.5,2.5,2.5,0.5,Indica III,181.4
93,0.75,0.5,0.5,0.75,2.5,1.5,2.5,2.5,0.5,Indica I,170.36
94,0.75,0.5,0.5,0.75,2.5,1.5,2.5,2.5,0.5,Indica I,145.65
95,0.75,0.5,0.5,0.75,2.5,1.5,0.5,2.5,0.5,Aus,150.0
96,0.75,0.5,0.5,0.75,2.5,1.5,0.5,2.5,0.5,Aus,163.8
97,0.75,0.5,0.5,0.75,2.5,1.5,0.5,2.5,2.5,Indica Intermediate,172.6
98,0.75,0.5,0.5,0.75,2.5,2.5,2.5,2.5,0.5,Indica I,134.0
99,0.75,0.5,0.5,0.75,2.5,2.5,2.5,2.5,0.5,Indica I,157.8
100,0.75,0.5,0.5,0.75,2.5,2.5,2.5,2.5,0.5,Indica I,160.6
101,0.75,0.5,0.5,0.75,2.5,2.5,2.5,2.5,0.5,Indica I,163.37
102,0.75,0.5,0.5,0.75,2.5,2.5,2.5,2.5,2.5,Indica II,119.2
103,0.75,0.5,0.5,0.75,2.5,2.5,2.5,2.5,2.5,Indica III,133.0
104,0.75,0.5,0.5,0.75,2.5,2.5,2.5,2.5,2.5,Indica III,136.4
105,0.75,0.5,0.5,0.75,2.5,2.5,2.5,2.5,2.5,Indica Intermediate,102.2
106,0.75,0.5,0.5,0.75,2.5,2.5,2.5,2.5,2.5,Indica III,165.8
107,0.75,0.5,0.5,0.75,2.5,2.5,2.5,0.5,0.5,Aus,136.6
108,0.75,0.5,0.5,0.75,2.5,2.5,2.5,0.5,2.5,Intermediate,147.6
109,0.75,0.5,0.5,0.75,2.5,2.5,0.5,2.5,2.5,Aus,169.4
110,0.75,0.5,0.5,0.75,2.5,2.5,0.5,0.5,2.5,VI/Aromatic,158.0
111,0.75,0.5,0.5,0.75,2.5,2.5,0.5,2.5,0.5,Aus,164.2
112,0.75,0.5,0.5,0.75,2.5,2.5,0.5,2.5,0.5,Aus,150.2
113,0.75,0.5,0.5,0.75,2.5,2.5,0.5,2.5,0.5,Aus,154.8
114,0.75,0.5,0.5,0.75,2.5,2.5,0.5,2.5,0.5,Aus,153.8
115,0.75,0.5,0.5,0.75,2.5,2.5,0.5,2.5,0.5,Aus,149.4
116,0.75,0.5,0.5,0.75,2.5,2.5,0.5,2.5,0.5,Aus,161.0
117,0.75,0.5,0.5,0.75,2.5,2.5,0.5,2.5,0.5,Aus,153.4
118,0.75,0.5,0.5,0.75,2.5,2.5,0.5,2.5,0.5,Aus,161.2
119,0.75,0.5,0.5,0.75,2.5,2.5,0.5,2.5,0.5,Aus,145.4
120,0.75,0.5,0.5,0.75,2.5,2.5,0.5,2.5,0.5,Aus,177.2
121,0.75,0.5,0.5,0.75,2.5,2.5,0.5,2.5,0.5,Aus,149.0
122,0.75,0.5,0.5,0.75,2.5,2.5,0.5,2.5,0.5,Aus,158.8
123,0.75,0.5,0.5,0.75,2.5,2.5,0.5,2.5,0.5,Aus,165.2
124,0.75,0.5,0.5,0.75,2.5,2.5,0.5,2.5,0.5,Aus,141.8
125,0.75,0.5,0.5,0.75,2.5,2.5,0.5,2.5,0.5,Aus,144.8
126,0.75,0.5,0.5,0.75,2.5,2.5,0.5,2.5,0.5,Aus,137.4
127,0.75,0.5,0.5,0.75,2.5,2.5,0.5,2.5,0.5,Aus,155.0
128,0.75,0.5,0.5,0.75,2.5,2.5,0.5,2.5,0.5,Aus,146.4
129,0.75,0.5,0.5,0.75,2.5,2.5,0.5,2.5,0.5,Indica Intermediate,173.8
130,0.75,2.5,0.5,0.75,2.5,2.5,0.5,2.5,0.5,Aus,164.2
131,0.75,0.5,0.5,0.75,2.5,1.5,0.5,0.5,0.5,VI/Aromatic,160.0
132,0.75,0.5,0.5,0.75,2.5,1.5,0.5,0.5,0.5,VI/Aromatic,130.2
133,0.75,0.5,0.5,0.75,2.5,2.5,0.5,0.5,0.5,Aus,166.6
134,0.75,0.5,0.5,0.75,2.5,2.5,0.5,0.5,0.5,Aus,146.6
135,0.75,0.5,0.5,0.75,2.5,2.5,0.5,0.5,0.5,VI/Aromatic,145.8
136,0.75,0.5,0.5,0.75,2.5,2.5,0.5,0.5,0.5,VI/Aromatic,178.0
137,0.75,0.5,0.5,0.75,2.5,2.5,0.5,0.5,0.5,VI/Aromatic,161.0
138,0.75,0.5,0.5,0.75,2.5,2.5,0.5,0.5,0.5,Aus,165.8
139,0.75,0.5,0.5,0.75,2.5,2.5,0.5,0.5,0.5,Aus,148.2
140,0.75,0.5,0.5,0.75,2.5,2.5,0.5,0.5,0.5,Aus,190.2
141,0.75,0.5,2.5,0.75,2.5,2.5,0.5,0.5,0.5,VI/Aromatic,129.6
142,0.75,0.5,2.5,0.75,2.5,1.5,0.5,0.5,0.5,VI/Aromatic,174.8
143,0.75,0.5,2.5,0.75,2.5,1.5,0.5,0.5,0.5,Japonica Intermediate,147.1
144,0.75,0.5,2.5,0.75,2.5,1.5,0.5,0.5,0.5,Japonica Intermediate,157.62
145,1.5,0.5,2.5,0.75,2.5,1.5,2.5,2.5,2.5,Temperate Japonica,93.2
146,1.5,0.5,2.5,0.75,2.5,1.5,2.5,2.5,2.5,Temperate Japonica,109.6
147,1.5,0.5,2.5,0.75,2.5,1.5,2.5,2.5,2.5,Indica I,77.2
148,1.5,0.5,2.5,0.75,2.5,1.5,2.5,2.5,2.5,Temperate Japonica,86.17
149,1.5,0.5,2.5,0.75,2.5,1.5,2.5,2.5,2.5,Intermediate,99.9
150,1.5,0.5,2.5,0.75,2.5,1.5,2.5,2.5,2.5,Japonica Intermediate,82.43
151,1.5,0.5,2.5,0.75,1.5,1.5,2.5,2.5,2.5,Tropical Japonica,95.4
152,1.5,0.5,2.5,0.75,2.5,2.5,0.5,2.5,2.5,Intermediate,152.0
153,1.5,0.5,2.5,0.75,2.5,2.5,2.5,2.5,2.5,Indica Intermediate,98.4
154,0.75,0.5,2.5,0.75,2.5,1.5,0.5,2.5,0.5,Japonica Intermediate,155.4
155,0.75,0.5,2.5,0.75,2.5,1.5,0.5,2.5,0.5,Japonica Intermediate,156.0
156,0.75,0.5,2.5,0.75,2.5,1.5,0.5,2.5,0.5,Japonica Intermediate,142.6
157,0.75,0.5,2.5,0.75,2.5,1.5,0.5,2.5,0.5,Japonica Intermediate,169.8
158,0.75,0.5,2.5,0.75,2.5,1.5,0.5,2.5,0.5,Intermediate,137.0
159,0.75,0.5,2.5,0.75,2.5,1.5,0.5,2.5,0.5,Temperate Japonica,125.0
160,0.75,0.5,2.5,0.75,2.5,1.5,0.5,2.5,0.5,Japonica Intermediate,180.0
161,0.75,0.5,2.5,0.75,2.5,1.5,0.5,2.5,0.5,Temperate Japonica,133.53
162,0.75,0.5,2.5,0.75,2.5,1.5,0.5,2.5,0.5,Temperate Japonica,140.61
163,0.75,0.5,2.5,0.75,2.5,1.5,0.5,2.5,0.5,Temperate Japonica,190.9
164,0.75,0.5,2.5,0.75,2.5,1.5,0.5,2.5,0.5,Temperate Japonica,156.46
165,0.75,0.5,2.5,0.75,2.5,1.5,0.5,2.5,0.5,Temperate Japonica,131.3
166,0.75,0.5,2.5,0.75,2.5,1.5,0.5,2.5,0.5,Temperate Japonica,143.65
167,0.75,0.5,2.5,0.75,2.5,1.5,0.5,2.5,0.5,Temperate Japonica,128.2
168,0.75,0.5,2.5,0.75,2.5,1.5,0.5,2.5,0.5,Temperate Japonica,117.93
169,1.5,0.5,2.5,0.75,2.5,1.5,0.5,2.5,0.5,Temperate Japonica,89.8
170,1.5,0.5,2.5,0.75,2.5,1.5,0.5,2.5,0.5,Japonica Intermediate,136.4
171,1.5,0.5,2.5,0.75,2.5,1.5,0.5,2.5,0.5,Japonica Intermediate,142.4
172,1.5,0.5,2.5,0.75,2.5,1.5,0.5,2.5,0.5,Japonica Intermediate,145.0
173,1.5,0.5,2.5,0.75,2.5,1.5,0.5,2.5,0.5,Temperate Japonica,107.0
174,0.75,0.5,2.5,0.75,2.5,1.5,0.5,2.5,2.5,Tropical Japonica,166.8
175,0.75,0.5,2.5,0.75,2.5,1.5,0.5,2.5,2.5,Temperate Japonica,150.0
176,0.75,0.5,2.5,0.75,2.5,1.5,0.5,2.5,2.5,Tropical Japonica,121.6
177,0.75,0.5,2.5,0.75,2.5,1.5,0.5,2.5,2.5,Indica Intermediate,96.8
178,0.75,0.5,2.5,0.75,2.5,1.5,0.5,2.5,2.5,Temperate Japonica,96.4
179,0.75,0.5,2.5,0.75,2.5,1.5,0.5,2.5,2.5,Indica Intermediate,160.4
180,0.75,0.5,2.5,0.75,2.5,1.5,0.5,2.5,2.5,Temperate Japonica,106.2
181,0.75,0.5,2.5,0.75,2.5,1.5,0.5,2.5,2.5,Tropical Japonica,153.4
182,0.75,0.5,2.5,0.75,2.5,1.5,0.5,2.5,2.5,Temperate Japonica,115.8
183,0.75,0.5,2.5,0.75,2.5,1.5,0.5,2.5,2.5,Temperate Japonica,98.0
184,0.75,0.5,2.5,0.75,2.5,1.5,0.5,2.5,2.5,Temperate Japonica,138.0
185,0.75,0.5,2.5,0.75,2.5,1.5,0.5,2.5,2.5,Japonica Intermediate,124.8
186,0.75,0.5,2.5,0.75,2.5,1.5,0.5,2.5,2.5,Temperate Japonica,93.4
187,0.75,0.5,2.5,0.75,2.5,1.5,0.5,2.5,2.5,Temperate Japonica,171.79
188,0.75,0.5,2.5,0.75,2.5,1.5,0.5,2.5,2.5,Temperate Japonica,137.8
189,0.75,0.5,2.5,0.75,2.5,1.5,0.5,2.5,2.5,Temperate Japonica,144.47
190,0.75,0.5,2.5,0.75,2.5,1.5,0.5,2.5,2.5,Temperate Japonica,137.9
191,0.75,0.5,2.5,0.75,2.5,1.5,0.5,2.5,2.5,Indica II,88.27
192,0.75,0.5,2.5,0.75,2.5,1.5,0.5,2.5,2.5,Temperate Japonica,142.43
193,0.75,0.5,2.5,0.75,2.5,1.5,0.5,2.5,2.5,Temperate Japonica,97.9
194,0.75,0.5,2.5,0.75,2.5,1.5,0.5,2.5,2.5,Temperate Japonica,110.5
195,0.75,0.5,2.5,0.75,2.5,1.5,0.5,2.5,2.5,Temperate Japonica,89.39
196,0.75,0.5,2.5,0.75,2.5,1.5,0.5,2.5,2.5,Tropical Japonica,106.7
197,0.75,0.5,2.5,0.75,2.5,1.5,0.5,2.5,2.5,Japonica Intermediate,141.57
198,1.5,0.5,2.5,0.75,2.5,1.5,0.5,2.5,2.5,Intermediate,117.4
199,1.5,0.5,2.5,0.75,2.5,1.5,0.5,2.5,2.5,Temperate Japonica,74.0
200,1.5,0.5,2.5,0.75,2.5,1.5,0.5,2.5,2.5,Temperate Japonica,68.4
201,1.5,0.5,2.5,0.75,2.5,1.5,0.5,2.5,2.5,Temperate Japonica,142.4
202,1.5,0.5,2.5,0.75,2.5,1.5,0.5,2.5,2.5,Temperate Japonica,114.6
203,1.5,0.5,2.5,0.75,2.5,1.5,0.5,2.5,2.5,Temperate Japonica,98.4
204,1.5,0.5,2.5,0.75,2.5,1.5,0.5,2.5,2.5,Temperate Japonica,96.0
205,1.5,0.5,2.5,0.75,2.5,1.5,0.5,2.5,2.5,Intermediate,107.2
206,1.5,0.5,2.5,0.75,2.5,1.5,0.5,2.5,2.5,Temperate Japonica,92.6
207,1.5,0.5,2.5,0.75,2.5,1.5,0.5,2.5,2.5,Temperate Japonica,98.6
208,1.5,0.5,2.5,0.75,2.5,1.5,0.5,2.5,2.5,Temperate Japonica,99.4
209,1.5,0.5,2.5,0.75,2.5,1.5,0.5,2.5,2.5,Temperate Japonica,70.6
210,1.5,0.5,2.5,0.75,2.5,1.5,0.5,2.5,2.5,Japonica Intermediate,114.2
211,1.5,0.5,2.5,0.75,2.5,1.5,0.5,2.5,2.5,Japonica Intermediate,121.8
212,1.5,0.5,2.5,0.75,2.5,1.5,0.5,2.5,2.5,Temperate Japonica,98.6
213,1.5,0.5,2.5,0.75,2.5,1.5,0.5,2.5,2.5,Temperate Japonica,116.8
214,1.5,0.5,2.5,0.75,2.5,1.5,0.5,2.5,2.5,Temperate Japonica,78.8
215,1.5,0.5,2.5,0.75,2.5,1.5,0.5,2.5,2.5,Temperate Japonica,98.6
216,1.5,0.5,2.5,0.75,2.5,1.5,0.5,2.5,2.5,Temperate Japonica,100.8
217,1.5,0.5,2.5,0.75,2.5,1.5,0.5,2.5,2.5,Japonica Intermediate,135.0
218,1.5,0.5,2.5,0.75,2.5,1.5,0.5,2.5,2.5,Temperate Japonica,112.87
219,1.5,0.5,2.5,0.75,2.5,1.5,0.5,2.5,2.5,Temperate Japonica,77.43
220,1.5,0.5,2.5,0.75,2.5,1.5,0.5,2.5,2.5,Temperate Japonica,100.0
221,1.5,0.5,2.5,0.75,2.5,1.5,0.5,2.5,2.5,Temperate Japonica,90.32
222,1.5,0.5,2.5,0.75,2.5,1.5,0.5,2.5,2.5,Temperate Japonica,74.7
223,1.5,0.5,2.5,0.75,2.5,1.5,0.5,2.5,2.5,Temperate Japonica,87.03
224,1.5,0.5,2.5,0.75,2.5,1.5,0.5,2.5,2.5,Temperate Japonica,103.3
225,1.5,0.5,2.5,0.75,2.5,1.5,0.5,2.5,2.5,Japonica Intermediate,123.63
226,1.5,0.5,2.5,0.75,2.5,1.5,0.5,2.5,2.5,Temperate Japonica,97.33
227,1.5,0.5,2.5,0.75,2.5,1.5,0.5,2.5,2.5,Temperate Japonica,102.58
228,1.5,0.5,2.5,0.75,2.5,1.5,0.5,2.5,2.5,Temperate Japonica,107.8
229,1.5,0.5,2.5,0.75,2.5,1.5,0.5,2.5,2.5,Japonica Intermediate,94.0
230,1.5,0.5,2.5,0.75,2.5,1.5,0.5,2.5,2.5,Temperate Japonica,86.97
231,1.5,0.5,2.5,0.75,2.5,1.5,0.5,2.5,2.5,Temperate Japonica,104.7
232,1.5,0.5,2.5,0.75,2.5,1.5,0.5,2.5,2.5,Temperate Japonica,78.27
233,1.5,0.5,2.5,0.75,2.5,1.5,0.5,2.5,2.5,Temperate Japonica,92.67
234,1.5,0.5,2.5,0.75,1.5,1.5,0.5,2.5,0.5,Tropical Japonica,140.4
235,1.5,0.5,2.5,0.75,1.5,1.5,0.5,2.5,2.5,Temperate Japonica,123.2
236,1.5,0.5,2.5,0.75,1.5,1.5,0.5,2.5,2.5,Temperate Japonica,125.8
237,1.5,0.5,2.5,0.75,1.5,1.5,0.5,2.5,2.5,Temperate Japonica,121.4
238,1.5,0.5,2.5,0.75,1.5,1.5,0.5,2.5,2.5,Temperate Japonica,119.4
239,1.5,0.5,2.5,0.75,1.5,1.5,0.5,2.5,2.5,Temperate Japonica,114.1
240,0.75,0.5,2.5,0.75,1.5,1.5,0.5,2.5,0.5,Temperate Japonica,135.8
241,0.75,0.5,2.5,0.75,1.5,1.5,0.5,2.5,0.5,Tropical Japonica,182.6
242,0.75,0.5,2.5,0.75,1.5,1.5,0.5,2.5,0.5,Temperate Japonica,193.0
243,0.75,0.5,2.5,0.75,1.5,1.5,0.5,2.5,0.5,Temperate Japonica,170.8
244,0.75,0.5,2.5,0.75,1.5,1.5,0.5,2.5,0.5,Temperate Japonica,155.4
245,0.75,0.5,2.5,0.75,1.5,1.5,0.5,2.5,0.5,Temperate Japonica,202.07
246,0.75,0.5,2.5,0.75,1.5,1.5,0.5,2.5,0.5,Temperate Japonica,164.73
247,0.75,0.5,2.5,0.75,1.5,1.5,0.5,2.5,0.5,Temperate Japonica,143.32
248,0.75,0.5,2.5,0.75,1.5,1.5,0.5,2.5,0.5,Temperate Japonica,140.4
249,0.75,0.5,2.5,0.75,1.5,1.5,0.5,2.5,2.5,Temperate Japonica,129.0
250,0.75,0.5,2.5,0.75,1.5,1.5,0.5,2.5,2.5,Intermediate,171.4
251,0.75,0.5,2.5,0.75,1.5,1.5,0.5,2.5,2.5,Tropical Japonica,169.4
252,0.75,0.5,2.5,0.75,1.5,1.5,0.5,2.5,2.5,Temperate Japonica,116.8
253,0.75,0.5,2.5,0.75,1.5,1.5,0.5,2.5,2.5,Temperate Japonica,162.36
254,0.75,0.5,2.5,0.75,1.5,1.5,0.5,2.5,2.5,Tropical Japonica,118.83
255,0.75,0.5,2.5,0.75,1.5,1.5,0.5,2.5,2.5,Temperate Japonica,97.8
256,0.75,0.5,2.5,0.75,2.5,2.5,2.5,2.5,0.5,Intermediate,121.2
257,0.75,0.5,2.5,0.75,2.5,2.5,2.5,2.5,0.5,Intermediate,121.0
258,0.75,0.5,2.5,0.75,2.5,2.5,2.5,2.5,0.5,Indica Intermediate,163.2
259,0.75,0.5,2.5,0.75,2.5,2.5,2.5,2.5,0.5,Indica I,155.0
260,0.75,0.5,2.5,0.75,2.5,2.5,2.5,2.5,0.5,Indica Intermediate,176.8
261,0.75,0.5,2.5,0.75,2.5,2.5,2.5,2.5,0.5,Indica I,120.27
262,0.75,0.5,2.5,0.75,2.5,2.5,2.5,2.5,2.5,Indica III,160.6
263,0.75,0.5,2.5,0.75,2.5,2.5,2.5,2.5,2.5,Intermediate,95.8
264,0.75,0.5,2.5,0.75,2.5,2.5,2.5,2.5,2.5,Indica Intermediate,90.8
265,0.75,0.5,2.5,0.75,2.5,2.5,2.5,2.5,2.5,Indica II,108.8
266,0.75,0.5,2.5,0.75,2.5,2.5,2.5,2.5,2.5,Indica II,100.2
267,0.75,0.5,2.5,0.75,2.5,2.5,2.5,2.5,2.5,Indica II,102.4
268,0.75,0.5,2.5,0.75,2.5,2.5,2.5,2.5,2.5,Indica Intermediate,117.6
269,0.75,0.5,2.5,0.75,1.5,1.5,2.5,2.5,0.5,Tropical Japonica,144.2
270,0.75,0.5,2.5,0.75,1.5,1.5,2.5,2.5,0.5,Tropical Japonica,156.2
271,0.75,0.5,2.5,0.75,1.5,1.5,2.5,2.5,0.5,Tropical Japonica,150.8
272,0.75,0.5,2.5,0.75,2.5,1.5,2.5,2.5,0.5,Tropical Japonica,147.4
273,0.75,0.5,2.5,0.75,2.5,1.5,2.5,2.5,0.5,Tropical Japonica,134.0
274,0.75,0.5,2.5,0.75,2.5,1.5,2.5,2.5,0.5,Indica Intermediate,109.8
275,0.75,0.5,2.5,0.75,2.5,1.5,2.5,2.5,0.5,Indica II,102.0
276,0.75,0.5,2.5,0.75,2.5,1.5,2.5,2.5,0.5,Indica Intermediate,118.6
277,0.75,0.5,2.5,0.75,2.5,1.5,2.5,2.5,0.5,Indica Intermediate,106.23
278,0.75,0.5,2.5,0.75,2.5,1.5,2.5,2.5,0.5,Indica Intermediate,100.47
279,0.75,0.5,2.5,0.75,2.5,1.5,2.5,2.5,0.5,Indica Intermediate,87.47
280,0.75,2.5,2.5,0.75,2.5,1.5,2.5,2.5,0.5,Indica Intermediate,154.87
281,0.75,0.5,2.5,2.5,2.5,2.5,0.5,2.5,0.5,Indica I,185.33
282,0.75,0.5,2.5,2.5,2.5,2.5,0.5,2.5,2.5,Indica III,167.2
283,0.75,0.5,2.5,2.5,2.5,1.5,0.5,2.5,2.5,Indica II,110.4
284,0.75,0.5,2.5,2.5,2.5,1.5,0.5,2.5,2.5,Indica Intermediate,111.6
285,0.75,0.5,2.5,2.5,2.5,1.5,0.5,2.5,2.5,Intermediate,101.0
286,0.75,0.5,2.5,2.5,2.5,1.5,0.5,2.5,2.5,Temperate Japonica,139.8
287,0.75,0.5,2.5,2.5,2.5,1.5,0.5,2.5,2.5,Indica I,77.33
288,0.75,0.5,2.5,2.5,2.5,1.5,0.5,2.5,2.5,Indica Intermediate,110.27
289,0.75,0.5,2.5,2.5,2.5,1.5,0.5,2.5,0.5,Indica Intermediate,172.8
290,0.75,0.5,2.5,2.5,2.5,2.5,2.5,2.5,0.5,Indica Intermediate,114.4
291,0.75,0.5,2.5,2.5,2.5,2.5,2.5,2.5,0.5,Indica I,114.4
292,0.75,0.5,2.5,2.5,2.5,2.5,2.5,2.5,0.5,Indica Intermediate,172.4
293,0.75,0.5,2.5,2.5,2.5,1.5,2.5,2.5,0.5,Indica Intermediate,99.0
294,0.75,0.5,2.5,2.5,2.5,1.5,2.5,2.5,0.5,Indica Intermediate,96.0
295,0.75,0.5,2.5,2.5,2.5,1.5,2.5,2.5,0.5,Indica III,132.6
296,0.75,0.5,2.5,2.5,2.5,1.5,2.5,2.5,0.5,Indica Intermediate,151.0
297,0.75,0.5,2.5,2.5,2.5,1.5,2.5,2.5,0.5,Indica Intermediate,112.0
298,0.75,0.5,2.5,2.5,2.5,1.5,2.5,2.5,0.5,Indica Intermediate,125.2
299,0.75,0.5,2.5,2.5,2.5,1.5,2.5,2.5,0.5,Indica Intermediate,157.8
300,0.75,0.5,2.5,2.5,2.5,1.5,2.5,2.5,0.5,Indica Intermediate,149.8
301,0.75,0.5,2.5,2.5,2.5,1.5,2.5,2.5,0.5,Indica II,98.8
302,0.75,0.5,2.5,2.5,2.5,1.5,2.5,2.5,0.5,Indica I,171.27
303,0.75,0.5,2.5,2.5,2.5,1.5,2.5,2.5,0.5,Indica Intermediate,97.67
304,0.75,0.5,2.5,2.5,2.5,1.5,2.5,2.5,0.5,Indica I,165.07
305,0.75,0.5,2.5,2.5,2.5,1.5,2.5,2.5,0.5,Indica I,152.54
306,0.75,0.5,2.5,2.5,2.5,1.5,2.5,2.5,0.5,Indica I,168.47
307,0.75,0.5,2.5,2.5,2.5,1.5,2.5,2.5,0.5,Indica I,170.07
308,0.75,0.5,2.5,2.5,2.5,1.5,2.5,2.5,0.5,Indica I,113.1
309,0.75,0.5,2.5,2.5,2.5,2.5,0.5,0.5,0.5,Intermediate,132.4
310,0.75,0.5,2.5,2.5,2.5,2.5,0.5,0.5,0.5,Indica I,144.13
311,0.75,0.5,2.5,2.5,2.5,2.5,2.5,0.5,0.5,Indica I,156.0
312,0.75,0.5,2.5,2.5,2.5,2.5,2.5,0.5,0.5,Indica I,158.4
313,0.75,0.5,2.5,2.5,2.5,2.5,2.5,0.5,0.5,Indica I,160.57
314,0.75,0.5,2.5,2.5,2.5,2.5,2.5,0.5,0.5,Indica I,147.15
315,0.75,0.5,2.5,2.5,2.5,2.5,2.5,0.5,0.5,Indica I,158.23
316,0.75,0.5,2.5,2.5,2.5,1.5,2.5,0.5,0.5,Indica Intermediate,147.8
317,0.75,0.5,2.5,2.5,2.5,1.5,2.5,0.5,0.5,Indica I,114.73
318,0.75,0.5,2.5,2.5,1.5,1.5,2.5,2.5,2.5,Tropical Japonica,134.6
319,0.75,0.5,2.5,2.5,1.5,1.5,2.5,2.5,0.5,Tropical Japonica,135.4
320,0.75,0.5,2.5,2.5,1.5,1.5,2.5,2.5,0.5,Tropical Japonica,154.4
321,0.75,0.5,2.5,2.5,1.5,1.5,2.5,2.5,0.5,Tropical Japonica,158.2
322,0.75,0.5,2.5,2.5,1.5,1.5,2.5,2.5,0.5,Tropical Japonica,157.4
323,0.75,0.5,2.5,2.5,1.5,1.5,2.5,2.5,0.5,Tropical Japonica,163.33
324,0.75,0.5,2.5,2.5,1.5,1.5,0.5,2.5,2.5,Tropical Japonica,175.4
325,0.75,0.5,2.5,2.5,1.5,1.5,0.5,2.5,2.5,Temperate Japonica,141.27
326,0.75,0.5,2.5,2.5,2.5,2.5,2.5,2.5,2.5,Indica II,95.2
327,0.75,0.5,2.5,2.5,2.5,2.5,2.5,2.5,2.5,Indica II,96.6
328,0.75,0.5,2.5,2.5,2.5,2.5,2.5,2.5,2.5,Indica I,70.8
329,0.75,0.5,2.5,2.5,2.5,2.5,2.5,2.5,2.5,Indica Intermediate,105.8
330,0.75,0.5,2.5,2.5,2.5,2.5,2.5,2.5,2.5,Indica Intermediate,168.4
331,0.75,0.5,2.5,2.5,2.5,2.5,2.5,2.5,2.5,Indica Intermediate,185.07
332,0.75,0.5,2.5,2.5,2.5,2.5,2.5,2.5,2.5,Indica Intermediate,111.2
333,0.75,0.5,2.5,2.5,2.5,2.5,2.5,2.5,2.5,Indica Intermediate,97.77
334,0.75,0.5,2.5,2.5,2.5,2.5,2.5,2.5,2.5,Indica III,198.57
335,0.75,0.5,2.5,2.5,2.5,2.5,2.5,2.5,2.5,Indica III,193.67
336,0.75,0.5,2.5,2.5,2.5,2.5,2.5,2.5,2.5,Indica I,158.07
337,0.75,0.5,2.5,2.5,2.5,2.5,2.5,0.5,2.5,Indica Intermediate,150.67
338,0.75,0.5,2.5,2.5,2.5,2.5,2.5,0.5,2.5,Indica Intermediate,95.07
339,0.75,0.5,2.5,2.5,2.5,1.5,2.5,2.5,2.5,Indica II,110.4
340,0.75,0.5,2.5,2.5,2.5,1.5,2.5,2.5,2.5,Indica II,102.0
341,0.75,0.5,2.5,2.5,2.5,1.5,2.5,2.5,2.5,Indica II,111.6
342,0.75,0.5,2.5,2.5,2.5,1.5,2.5,2.5,2.5,Indica II,112.2
343,0.75,0.5,2.5,2.5,2.5,1.5,2.5,2.5,2.5,Indica II,109.4
344,0.75,0.5,2.5,2.5,2.5,1.5,2.5,2.5,2.5,Indica II,101.0
345,0.75,0.5,2.5,2.5,2.5,1.5,2.5,2.5,2.5,Tropical Japonica,107.2
346,0.75,0.5,2.5,2.5,2.5,1.5,2.5,2.5,2.5,Indica II,99.6
347,0.75,0.5,2.5,2.5,2.5,1.5,2.5,2.5,2.5,Intermediate,118.8
348,0.75,0.5,2.5,2.5,2.5,1.5,2.5,2.5,2.5,Indica II,83.4
349,0.75,0.5,2.5,2.5,2.5,1.5,2.5,2.5,2.5,Indica III,160.2
350,0.75,0.5,2.5,2.5,2.5,1.5,2.5,2.5,2.5,Indica Intermediate,95.8
351,0.75,0.5,2.5,2.5,2.5,1.5,2.5,2.5,2.5,Indica Intermediate,91.4
352,0.75,0.5,2.5,2.5,2.5,1.5,2.5,2.5,2.5,Indica Intermediate,120.4
353,0.75,0.5,2.5,2.5,2.5,1.5,2.5,2.5,2.5,Indica Intermediate,91.4
354,0.75,0.5,2.5,2.5,2.5,1.5,2.5,2.5,2.5,Indica Intermediate,114.8
355,0.75,0.5,2.5,2.5,2.5,1.5,2.5,2.5,2.5,Indica II,106.0
356,0.75,0.5,2.5,2.5,2.5,1.5,2.5,2.5,2.5,Indica I,145.4
357,0.75,0.5,2.5,2.5,2.5,1.5,2.5,2.5,2.5,Indica Intermediate,121.6
358,0.75,0.5,2.5,2.5,2.5,1.5,2.5,2.5,2.5,Indica II,102.4
359,0.75,0.5,2.5,2.5,2.5,1.5,2.5,2.5,2.5,Indica II,101.8
360,0.75,0.5,2.5,2.5,2.5,1.5,2.5,2.5,2.5,Indica Intermediate,114.2
361,0.75,0.5,2.5,2.5,2.5,1.5,2.5,2.5,2.5,Indica II,-9.0
362,0.75,0.5,2.5,2.5,2.5,1.5,2.5,2.5,2.5,Indica II,119.4
363,0.75,0.5,2.5,2.5,2.5,1.5,2.5,2.5,2.5,Indica II,115.0
364,0.75,0.5,2.5,2.5,2.5,1.5,2.5,2.5,2.5,Indica II,116.0
365,0.75,0.5,2.5,2.5,2.5,1.5,2.5,2.5,2.5,Indica II,115.6
366,0.75,0.5,2.5,2.5,2.5,1.5,2.5,2.5,2.5,Indica Intermediate,115.4
367,0.75,0.5,2.5,2.5,2.5,1.5,2.5,2.5,2.5,Indica II,114.2
368,0.75,0.5,2.5,2.5,2.5,1.5,2.5,2.5,2.5,Indica II,95.6
369,0.75,0.5,2.5,2.5,2.5,1.5,2.5,2.5,2.5,Indica II,96.6
370,0.75,0.5,2.5,2.5,2.5,1.5,2.5,2.5,2.5,Indica Intermediate,108.0
371,0.75,0.5,2.5,2.5,2.5,1.5,2.5,2.5,2.5,Indica II,93.8
372,0.75,0.5,2.5,2.5,2.5,1.5,2.5,2.5,2.5,Indica II,84.0
373,0.75,0.5,2.5,2.5,2.5,1.5,2.5,2.5,2.5,Indica II,90.6
374,0.75,0.5,2.5,2.5,2.5,1.5,2.5,2.5,2.5,Indica II,93.6
375,0.75,0.5,2.5,2.5,2.5,1.5,2.5,2.5,2.5,Indica Intermediate,88.6
376,0.75,0.5,2.5,2.5,2.5,1.5,2.5,2.5,2.5,Indica Intermediate,91.4
377,0.75,0.5,2.5,2.5,2.5,1.5,2.5,2.5,2.5,Indica I,99.2
378,0.75,0.5,2.5,2.5,2.5,1.5,2.5,2.5,2.5,Indica II,110.0
379,0.75,0.5,2.5,2.5,2.5,1.5,2.5,2.5,2.5,Indica II,98.0
380,0.75,0.5,2.5,2.5,2.5,1.5,2.5,2.5,2.5,Indica II,104.6
381,0.75,0.5,2.5,2.5,2.5,1.5,2.5,2.5,2.5,Indica Intermediate,112.6
382,0.75,0.5,2.5,2.5,2.5,1.5,2.5,2.5,2.5,Indica I,102.0
383,0.75,0.5,2.5,2.5,2.5,1.5,2.5,2.5,2.5,Indica I,150.6
384,0.75,0.5,2.5,2.5,2.5,1.5,2.5,2.5,2.5,Indica II,96.0
385,0.75,0.5,2.5,2.5,2.5,1.5,2.5,2.5,2.5,Indica Intermediate,105.4
386,0.75,0.5,2.5,2.5,2.5,1.5,2.5,2.5,2.5,Indica II,108.4
387,0.75,0.5,2.5,2.5,2.5,1.5,2.5,2.5,2.5,Indica I,94.87
388,0.75,0.5,2.5,2.5,2.5,1.5,2.5,2.5,2.5,Indica Intermediate,118.07
389,0.75,0.5,2.5,2.5,2.5,1.5,2.5,2.5,2.5,Indica Intermediate,108.23
390,0.75,0.5,2.5,2.5,2.5,1.5,2.5,2.5,2.5,Indica I,96.03
391,0.75,0.5,2.5,2.5,2.5,1.5,2.5,2.5,2.5,Indica Intermediate,83.68
392,0.75,0.5,2.5,2.5,2.5,1.5,2.5,2.5,2.5,Indica I,107.73
393,0.75,0.5,2.5,2.5,2.5,1.5,2.5,2.5,2.5,Indica Intermediate,110.43
394,0.75,0.5,2.5,2.5,2.5,1.5,2.5,2.5,2.5,Indica Intermediate,73.77
395,0.75,0.5,2.5,2.5,2.5,1.5,2.5,2.5,2.5,Indica I,77.43
396,0.75,0.5,2.5,2.5,2.5,1.5,2.5,2.5,2.5,Indica Intermediate,170.17
397,0.75,0.5,2.5,2.5,2.5,1.5,2.5,2.5,2.5,Indica Intermediate,172.37
398,0.75,0.5,2.5,2.5,2.5,1.5,2.5,2.5,2.5,Indica Intermediate,104.33
399,0.75,0.5,2.5,2.5,2.5,1.5,2.5,2.5,2.5,Indica Intermediate,101.33
400,0.75,0.5,2.5,2.5,2.5,1.5,2.5,2.5,2.5,Indica I,105.33
401,0.75,0.5,2.5,2.5,2.5,1.5,2.5,2.5,2.5,Indica Intermediate,96.27
402,0.75,0.5,2.5,2.5,2.5,1.5,2.5,2.5,2.5,Indica Intermediate,99.57
403,0.75,0.5,2.5,2.5,2.5,1.5,2.5,2.5,2.5,Indica I,80.25
404,0.75,0.5,2.5,2.5,2.5,1.5,2.5,2.5,2.5,Indica Intermediate,107.97
405,0.75,0.5,2.5,2.5,2.5,1.5,2.5,2.5,2.5,Indica Intermediate,108.23
406,0.75,0.5,2.5,2.5,2.5,1.5,2.5,0.5,2.5,Indica II,103.6
407,0.75,0.5,2.5,2.5,2.5,1.5,2.5,0.5,2.5,Indica I,93.5
408,0.75,0.5,2.5,2.5,2.5,1.5,2.5,0.5,2.5,Indica I,95.8
409,0.75,0.5,2.5,2.5,2.5,1.5,2.5,0.5,2.5,Indica I,85.17
410,0.75,0.5,2.5,2.5,2.5,1.5,2.5,0.5,2.5,Indica I,73.13
411,0.75,0.5,2.5,2.5,2.5,1.5,2.5,0.5,2.5,Indica I,69.47
412,0.75,0.5,2.5,2.5,2.5,1.5,2.5,0.5,2.5,Indica I,118.1
413,0.75,0.5,2.5,2.5,2.5,1.5,2.5,0.5,2.5,Indica I,113.43
414,0.75,0.5,2.5,2.5,2.5,1.5,2.5,0.5,2.5,Indica I,103.7
415,0.75,0.5,2.5,2.5,2.5,1.5,2.5,0.5,2.5,Indica I,109.43
416,0.75,0.5,2.5,2.5,2.5,1.5,2.5,0.5,2.5,Indica I,132.04
417,0.75,0.5,2.5,2.5,2.5,1.5,2.5,0.5,2.5,Indica I,80.83
418,0.75,0.5,2.5,2.5,2.5,1.5,2.5,0.5,2.5,Indica I,78.17
419,1.5,0.5,2.5,2.5,2.5,1.5,2.5,0.5,2.5,Indica I,92.33
420,1.5,0.5,2.5,2.5,2.5,1.5,2.5,0.5,2.5,Indica Intermediate,86.87
421,1.5,0.5,2.5,2.5,2.5,1.5,2.5,0.5,2.5,Indica I,85.33
422,0.75,0.5,2.5,0.75,2.5,1.5,2.5,0.5,2.5,Indica Intermediate,96.8
423,0.75,0.5,2.5,0.75,2.5,1.5,2.5,0.5,2.5,Indica I,75.1
424,0.75,0.5,2.5,0.75,2.5,1.5,2.5,0.5,2.5,Indica I,102.46
425,0.75,0.5,2.5,0.75,2.5,1.5,2.5,2.5,2.5,Indica Intermediate,109.0
426,0.75,0.5,2.5,0.75,2.5,1.5,2.5,2.5,2.5,Indica I,139.3
427,0.75,0.5,2.5,0.75,2.5,1.5,2.5,2.5,2.5,Indica II,99.0
428,0.75,0.5,2.5,0.75,2.5,1.5,2.5,2.5,2.5,Indica II,100.6
429,0.75,0.5,2.5,0.75,2.5,1.5,2.5,2.5,2.5,Indica II,95.6
430,0.75,0.5,2.5,0.75,2.5,1.5,2.5,2.5,2.5,Indica II,104.4
431,0.75,0.5,2.5,0.75,2.5,1.5,2.5,2.5,2.5,Indica Intermediate,114.4
432,0.75,0.5,2.5,0.75,2.5,1.5,2.5,2.5,2.5,Indica I,83.8
433,0.75,0.5,2.5,0.75,2.5,1.5,2.5,2.5,2.5,Indica II,105.6
434,0.75,0.5,2.5,0.75,2.5,1.5,2.5,2.5,2.5,Indica Intermediate,106.2
435,0.75,0.5,2.5,0.75,2.5,1.5,2.5,2.5,2.5,Indica II,95.4
436,0.75,0.5,2.5,0.75,2.5,1.5,2.5,2.5,2.5,Indica II,115.8
437,0.75,0.5,2.5,0.75,2.5,1.5,2.5,2.5,2.5,Indica Intermediate,112.8
438,0.75,0.5,2.5,0.75,2.5,1.5,2.5,2.5,2.5,Indica II,117.0
439,0.75,0.5,2.5,0.75,2.5,1.5,2.5,2.5,2.5,Indica Intermediate,106.6
440,0.75,0.5,2.5,0.75,2.5,1.5,2.5,2.5,2.5,Tropical Japonica,90.2
441,0.75,0.5,2.5,0.75,2.5,1.5,2.5,2.5,2.5,Indica Intermediate,133.6
442,0.75,0.5,2.5,0.75,2.5,1.5,2.5,2.5,2.5,Indica Intermediate,133.8
443,0.75,0.5,2.5,0.75,2.5,1.5,2.5,2.5,2.5,Indica II,113.8
444,0.75,0.5,2.5,0.75,2.5,1.5,2.5,2.5,2.5,Indica Intermediate,137.4
445,0.75,0.5,2.5,0.75,2.5,1.5,2.5,2.5,2.5,Indica II,97.0
446,0.75,0.5,2.5,0.75,2.5,1.5,2.5,2.5,2.5,Indica Intermediate,112.0
447,0.75,0.5,2.5,0.75,2.5,1.5,2.5,2.5,2.5,Indica Intermediate,108.2
448,0.75,0.5,2.5,0.75,2.5,1.5,2.5,2.5,2.5,Indica II,112.8
449,0.75,0.5,2.5,0.75,2.5,1.5,2.5,2.5,2.5,Indica II,123.8
450,0.75,0.5,2.5,0.75,2.5,1.5,2.5,2.5,2.5,Indica Intermediate,105.2
451,0.75,0.5,2.5,0.75,2.5,1.5,2.5,2.5,2.5,Indica Intermediate,98.2
452,0.75,0.5,2.5,0.75,2.5,1.5,2.5,2.5,2.5,Indica II,98.0
453,0.75,0.5,2.5,0.75,2.5,1.5,2.5,2.5,2.5,Indica II,101.2
454,0.75,0.5,2.5,0.75,2.5,1.5,2.5,2.5,2.5,Indica II,100.0
455,0.75,0.5,2.5,0.75,2.5,1.5,2.5,2.5,2.5,Indica II,101.4
456,0.75,0.5,2.5,0.75,2.5,1.5,2.5,2.5,2.5,Indica II,101.4
457,0.75,0.5,2.5,0.75,2.5,1.5,2.5,2.5,2.5,Indica Intermediate,135.2
458,0.75,0.5,2.5,0.75,2.5,1.5,2.5,2.5,2.5,Indica Intermediate,137.8
459,0.75,0.5,2.5,0.75,2.5,1.5,2.5,2.5,2.5,Indica Intermediate,103.8
460,0.75,0.5,2.5,0.75,2.5,1.5,2.5,2.5,2.5,Indica II,102.0
461,0.75,0.5,2.5,0.75,2.5,1.5,2.5,2.5,2.5,Indica II,95.2
462,0.75,0.5,2.5,0.75,2.5,1.5,2.5,2.5,2.5,Indica Intermediate,95.2
463,0.75,0.5,2.5,0.75,2.5,1.5,2.5,2.5,2.5,Indica II,103.8
464,0.75,0.5,2.5,0.75,2.5,1.5,2.5,2.5,2.5,Tropical Japonica,84.2
465,0.75,0.5,2.5,0.75,2.5,1.5,2.5,2.5,2.5,Indica II,103.4
466,0.75,0.5,2.5,0.75,2.5,1.5,2.5,2.5,2.5,Indica Intermediate,116.4
467,0.75,0.5,2.5,0.75,2.5,1.5,2.5,2.5,2.5,Indica II,107.4
468,0.75,0.5,2.5,0.75,2.5,1.5,2.5,2.5,2.5,Indica II,98.8
469,0.75,0.5,2.5,0.75,2.5,1.5,2.5,2.5,2.5,Indica I,107.67
470,0.75,0.5,2.5,0.75,2.5,1.5,2.5,2.5,2.5,Indica II,111.43
471,0.75,0.5,2.5,0.75,2.5,1.5,2.5,2.5,2.5,Indica Intermediate,104.87
472,0.75,0.5,2.5,0.75,2.5,1.5,2.5,2.5,2.5,Indica Intermediate,94.73
473,0.75,0.5,2.5,0.75,2.5,1.5,2.5,2.5,2.5,Indica II,95.53
474,0.75,0.5,2.5,0.75,2.5,1.5,2.5,2.5,2.5,Indica II,104.17
475,0.75,0.5,2.5,0.75,2.5,1.5,2.5,2.5,2.5,Indica II,117.2
476,0.75,0.5,2.5,0.75,2.5,1.5,2.5,2.5,2.5,Indica II,108.1
477,0.75,0.5,2.5,0.75,2.5,1.5,2.5,2.5,2.5,Indica II,80.4
478,0.75,0.5,2.5,0.75,2.5,1.5,2.5,2.5,2.5,Indica II,115.8
479,0.75,0.5,2.5,0.75,2.5,1.5,2.5,2.5,2.5,Indica II,109.6
480,0.75,0.5,2.5,0.75,2.5,1.5,2.5,2.5,2.5,Indica Intermediate,109.07
481,0.75,0.5,2.5,0.75,2.5,1.5,2.5,2.5,2.5,Indica I,105.5
482,0.75,0.5,2.5,0.75,2.5,1.5,2.5,2.5,2.5,Indica II,109.37
483,0.75,0.5,2.5,0.75,2.5,1.5,2.5,2.5,2.5,Indica Intermediate,116.63
484,0.75,0.5,2.5,0.75,2.5,1.5,2.5,2.5,2.5,Indica II,108.81
485,0.75,0.5,2.5,0.75,2.5,1.5,2.5,2.5,2.5,Indica Intermediate,103.13
486,0.75,0.5,2.5,0.75,2.5,1.5,2.5,2.5,2.5,Indica I,106.33
487,0.75,0.5,2.5,0.75,2.5,1.5,2.5,2.5,2.5,Indica Intermediate,103.67
488,0.75,0.5,2.5,0.75,2.5,1.5,2.5,2.5,2.5,Indica Intermediate,82.83
489,0.75,0.5,2.5,0.75,2.5,1.5,2.5,2.5,2.5,Indica I,77.3
490,0.75,0.5,2.5,0.75,2.5,1.5,2.5,2.5,2.5,Indica II,100.43
491,0.75,0.5,2.5,0.75,2.5,1.5,2.5,2.5,2.5,Indica Intermediate,106.8
492,0.75,0.5,2.5,0.75,1.5,1.5,2.5,0.5,2.5,Temperate Japonica,174.7
493,0.75,0.5,2.5,0.75,1.5,1.5,2.5,2.5,2.5,Tropical Japonica,157.8
494,0.75,0.5,2.5,0.75,1.5,1.5,2.5,2.5,2.5,Tropical Japonica,148.2
495,0.75,0.5,2.5,0.75,1.5,1.5,2.5,2.5,2.5,Tropical Japonica,171.6
496,0.75,0.5,2.5,0.75,1.5,1.5,2.5,2.5,2.5,Tropical Japonica,143.4
497,0.75,0.5,2.5,0.75,1.5,1.5,2.5,2.5,2.5,Tropical Japonica,146.2
498,0.75,0.5,2.5,0.75,1.5,1.5,2.5,2.5,2.5,Tropical Japonica,129.8
499,0.75,0.5,2.5,0.75,1.5,1.5,2.5,2.5,2.5,Temperate Japonica,119.6
500,0.75,0.5,2.5,0.75,1.5,1.5,2.5,2.5,2.5,Tropical Japonica,140.8
501,0.75,0.5,2.5,0.75,1.5,1.5,2.5,2.5,2.5,Tropical Japonica,141.0
502,0.75,0.5,2.5,0.75,1.5,1.5,2.5,2.5,2.5,Tropical Japonica,152.6
503,0.75,0.5,2.5,0.75,1.5,1.5,2.5,2.5,2.5,Tropical Japonica,149.4
504,0.75,0.5,2.5,0.75,1.5,1.5,2.5,2.5,2.5,Tropical Japonica,182.2
505,0.75,0.5,2.5,0.75,1.5,1.5,2.5,2.5,2.5,Tropical Japonica,152.6
506,0.75,0.5,2.5,0.75,1.5,1.5,2.5,2.5,2.5,Tropical Japonica,139.8
507,0.75,0.5,2.5,0.75,1.5,1.5,2.5,2.5,2.5,Tropical Japonica,146.0
508,0.75,0.5,2.5,0.75,1.5,1.5,2.5,2.5,2.5,Tropical Japonica,126.2
509,0.75,0.5,2.5,0.75,1.5,1.5,2.5,2.5,2.5,Tropical Japonica,147.0
510,0.75,0.5,2.5,0.75,1.5,1.5,2.5,2.5,2.5,Tropical Japonica,149.8
511,0.75,0.5,2.5,0.75,1.5,1.5,2.5,2.5,2.5,Tropical Japonica,133.8
512,0.75,0.5,2.5,0.75,1.5,1.5,2.5,2.5,2.5,Tropical Japonica,105.07
513,0.75,0.5,2.5,0.75,2.5,1.5,0.5,0.5,2.5,Temperate Japonica,116.4
514,0.75,0.5,2.5,0.75,2.5,1.5,0.5,0.5,2.5,Temperate Japonica,99.03
515,0.75,0.5,2.5,0.75,2.5,1.5,0.5,0.5,2.5,Temperate Japonica,77.73
516,1.5,0.5,2.5,0.75,1.5,1.5,0.5,0.5,0.5,Temperate Japonica,115.54
517,1.5,0.5,2.5,0.75,1.5,1.5,0.5,0.5,2.5,Temperate Japonica,102.37
518,1.5,0.5,2.5,0.75,1.5,1.5,0.5,0.5,2.5,Temperate Japonica,102.47
519,1.5,0.5,2.5,0.75,1.5,1.5,0.5,0.5,2.5,Temperate Japonica,97.63
520,0.75,0.5,2.5,0.75,1.5,1.5,0.5,0.5,0.5,Temperate Japonica,174.2
521,0.75,0.5,2.5,0.75,1.5,1.5,0.5,0.5,0.5,Temperate Japonica,170.0
522,0.75,0.5,2.5,0.75,1.5,1.5,0.5,0.5,0.5,Temperate Japonica,206.13
523,0.75,0.5,2.5,0.75,1.5,1.5,0.5,0.5,0.5,Temperate Japonica,191.0
524,0.75,0.5,2.5,0.75,1.5,1.5,0.5,0.5,0.5,Temperate Japonica,192.07
525,0.75,0.5,2.5,2.5,1.5,1.5,0.5,0.5,0.5,Japonica Intermediate,196.8
526,0.75,0.5,2.5,2.5,1.5,1.5,0.5,0.5,0.5,Temperate Japonica,206.73
527,0.75,0.5,2.5,2.5,1.5,1.5,0.5,0.5,0.5,Temperate Japonica,172.46
528,1.5,0.5,0.5,0.75,1.5,2.5,0.5,2.5,2.5,Intermediate,149.8
